<?xml version="1.0" encoding="UTF-8"?>
<export version="E">
  <design>
    <source>/home/shay/a/ooh/362_schematics/368project/368project.kicad_sch</source>
    <date>Wed Apr 27 15:03:12 2022</date>
    <tool>Eeschema 6.0.4-6f826c9f35~116~ubuntu18.04.1</tool>
    <sheet number="1" name="/" tstamps="/">
      <title_block>
        <title/>
        <company/>
        <rev/>
        <date/>
        <source>368project.kicad_sch</source>
        <comment number="1" value=""/>
        <comment number="2" value=""/>
        <comment number="3" value=""/>
        <comment number="4" value=""/>
        <comment number="5" value=""/>
        <comment number="6" value=""/>
        <comment number="7" value=""/>
        <comment number="8" value=""/>
        <comment number="9" value=""/>
      </title_block>
    </sheet>
  </design>
  <components>
    <comp ref="10k1">
      <value>10k</value>
      <footprint>eec:Bourns-3310R-0-0-MFG</footprint>
      <libsource lib="Device" part="R_Potentiometer_US" description="Potentiometer, US symbol"/>
      <property name="Sheetname" value=""/>
      <property name="Sheetfile" value="368project.kicad_sch"/>
      <sheetpath names="/" tstamps="/"/>
      <tstamps>5a6ca54b-b0b8-410e-8c5d-706040e50a81</tstamps>
    </comp>
    <comp ref="C1">
      <value>.1uF</value>
      <footprint>Capacitor_SMD:C_0805_2012Metric</footprint>
      <libsource lib="Device" part="C" description="Unpolarized capacitor"/>
      <property name="Sheetname" value=""/>
      <property name="Sheetfile" value="368project.kicad_sch"/>
      <sheetpath names="/" tstamps="/"/>
      <tstamps>b08a1c97-7c50-4e04-ab79-63a3bd2a2aba</tstamps>
    </comp>
    <comp ref="C2">
      <value>.1uF</value>
      <footprint>Capacitor_SMD:C_0805_2012Metric</footprint>
      <libsource lib="Device" part="C" description="Unpolarized capacitor"/>
      <property name="Sheetname" value=""/>
      <property name="Sheetfile" value="368project.kicad_sch"/>
      <sheetpath names="/" tstamps="/"/>
      <tstamps>374a371d-b396-4f6f-9608-7aba6c7830a4</tstamps>
    </comp>
    <comp ref="C3">
      <value>0.1uf</value>
      <footprint>Capacitor_SMD:C_0805_2012Metric</footprint>
      <libsource lib="Device" part="C" description="Unpolarized capacitor"/>
      <property name="Sheetname" value=""/>
      <property name="Sheetfile" value="368project.kicad_sch"/>
      <sheetpath names="/" tstamps="/"/>
      <tstamps>c8893ff7-4c3c-45be-8181-5d13d8017202</tstamps>
    </comp>
    <comp ref="C4">
      <value>.1uF</value>
      <footprint>Capacitor_SMD:C_0805_2012Metric</footprint>
      <libsource lib="Device" part="C" description="Unpolarized capacitor"/>
      <property name="Sheetname" value=""/>
      <property name="Sheetfile" value="368project.kicad_sch"/>
      <sheetpath names="/" tstamps="/"/>
      <tstamps>fdb8547e-3637-424a-8fa6-391d5a79f8ac</tstamps>
    </comp>
    <comp ref="C5">
      <value>10uf</value>
      <footprint>Capacitor_SMD:C_0805_2012Metric</footprint>
      <libsource lib="Device" part="C_Polarized_US" description="Polarized capacitor, US symbol"/>
      <property name="Sheetname" value=""/>
      <property name="Sheetfile" value="368project.kicad_sch"/>
      <sheetpath names="/" tstamps="/"/>
      <tstamps>d9ebd50d-3ad0-4e80-8a80-cd4496ac8521</tstamps>
    </comp>
    <comp ref="C6">
      <value>.1uF</value>
      <footprint>Capacitor_SMD:C_0805_2012Metric</footprint>
      <libsource lib="Device" part="C" description="Unpolarized capacitor"/>
      <property name="Sheetname" value=""/>
      <property name="Sheetfile" value="368project.kicad_sch"/>
      <sheetpath names="/" tstamps="/"/>
      <tstamps>bea99b03-0d03-46bd-9944-c3c558a1b451</tstamps>
    </comp>
    <comp ref="C7">
      <value>.1uF</value>
      <footprint>Capacitor_SMD:C_0805_2012Metric</footprint>
      <libsource lib="Device" part="C" description="Unpolarized capacitor"/>
      <property name="Sheetname" value=""/>
      <property name="Sheetfile" value="368project.kicad_sch"/>
      <sheetpath names="/" tstamps="/"/>
      <tstamps>beb0b99a-3194-4b3f-847b-062740719a93</tstamps>
    </comp>
    <comp ref="C8">
      <value>10uf</value>
      <footprint>Capacitor_SMD:C_0805_2012Metric</footprint>
      <libsource lib="Device" part="C_Polarized_US" description="Polarized capacitor, US symbol"/>
      <property name="Sheetname" value=""/>
      <property name="Sheetfile" value="368project.kicad_sch"/>
      <sheetpath names="/" tstamps="/"/>
      <tstamps>0891500f-126e-46a8-9615-9e5d83e623c6</tstamps>
    </comp>
    <comp ref="C9">
      <value>.1uF</value>
      <footprint>Capacitor_SMD:C_0805_2012Metric</footprint>
      <libsource lib="Device" part="C" description="Unpolarized capacitor"/>
      <property name="Sheetname" value=""/>
      <property name="Sheetfile" value="368project.kicad_sch"/>
      <sheetpath names="/" tstamps="/"/>
      <tstamps>0332269b-9b74-44a9-8067-602410fab778</tstamps>
    </comp>
    <comp ref="C10">
      <value>22uF</value>
      <footprint>Capacitor_SMD:C_0805_2012Metric</footprint>
      <libsource lib="Device" part="C" description="Unpolarized capacitor"/>
      <property name="Sheetname" value=""/>
      <property name="Sheetfile" value="368project.kicad_sch"/>
      <sheetpath names="/" tstamps="/"/>
      <tstamps>30efa559-4875-4baf-8bf6-9bd397e1a2d7</tstamps>
    </comp>
    <comp ref="C11">
      <value>0.1uF</value>
      <footprint>Capacitor_SMD:C_0805_2012Metric</footprint>
      <libsource lib="Device" part="C" description="Unpolarized capacitor"/>
      <property name="Sheetname" value=""/>
      <property name="Sheetfile" value="368project.kicad_sch"/>
      <sheetpath names="/" tstamps="/"/>
      <tstamps>65599c9e-294f-4c59-a00e-39a720ea74f7</tstamps>
    </comp>
    <comp ref="C12">
      <value>0.1uF</value>
      <footprint>Capacitor_SMD:C_0805_2012Metric</footprint>
      <libsource lib="Device" part="C" description="Unpolarized capacitor"/>
      <property name="Sheetname" value=""/>
      <property name="Sheetfile" value="368project.kicad_sch"/>
      <sheetpath names="/" tstamps="/"/>
      <tstamps>878864c8-a9eb-41cd-8ba8-6a3191b979e4</tstamps>
    </comp>
    <comp ref="C13">
      <value>22uF</value>
      <footprint>Capacitor_SMD:C_0805_2012Metric</footprint>
      <libsource lib="Device" part="C" description="Unpolarized capacitor"/>
      <property name="Sheetname" value=""/>
      <property name="Sheetfile" value="368project.kicad_sch"/>
      <sheetpath names="/" tstamps="/"/>
      <tstamps>7fdfa180-8767-4231-a109-496d6255aaa6</tstamps>
    </comp>
    <comp ref="D1">
      <value>BAT60JFILM</value>
      <footprint>Diode_SMD:D_SOD-323</footprint>
      <datasheet>https://www.infineon.com/dgdl/Infineon-BAT60ASERIES-DS-v01_01-en.pdf?fileId=db3a304313d846880113def70c9304a9</datasheet>
      <libsource lib="Diode" part="BAT60A" description="10V 3A High Current Recitifier Schottky Diode, SOD-323"/>
      <property name="Sheetname" value=""/>
      <property name="Sheetfile" value="368project.kicad_sch"/>
      <sheetpath names="/" tstamps="/"/>
      <tstamps>624ce9b4-efff-406f-a5f2-599e1170c5c8</tstamps>
    </comp>
    <comp ref="D2">
      <value>BAT60JFILM</value>
      <footprint>Diode_SMD:D_SOD-323</footprint>
      <datasheet>https://www.infineon.com/dgdl/Infineon-BAT60ASERIES-DS-v01_01-en.pdf?fileId=db3a304313d846880113def70c9304a9</datasheet>
      <libsource lib="Diode" part="BAT60A" description="10V 3A High Current Recitifier Schottky Diode, SOD-323"/>
      <property name="Sheetname" value=""/>
      <property name="Sheetfile" value="368project.kicad_sch"/>
      <sheetpath names="/" tstamps="/"/>
      <tstamps>f999fc93-bcff-4556-99bc-f323ad89af2b</tstamps>
    </comp>
    <comp ref="FB1">
      <value>FerriteBead</value>
      <footprint>Inductor_SMD:L_0805_2012Metric_Pad1.15x1.40mm_HandSolder</footprint>
      <libsource lib="Device" part="FerriteBead" description="Ferrite bead"/>
      <property name="Sheetname" value=""/>
      <property name="Sheetfile" value="368project.kicad_sch"/>
      <sheetpath names="/" tstamps="/"/>
      <tstamps>d46e745f-ccad-48f1-8fb6-1ba60b4971c9</tstamps>
    </comp>
    <comp ref="J1">
      <value>TRRS Jack</value>
      <footprint>Connector_Audio:Jack_3.5mm_PJ320E_Horizontal</footprint>
      <libsource lib="Connector" part="AudioJack4" description="Audio Jack, 4 Poles (TRRS)"/>
      <property name="Sheetname" value=""/>
      <property name="Sheetfile" value="368project.kicad_sch"/>
      <sheetpath names="/" tstamps="/"/>
      <tstamps>b7a6b9d1-fbbe-4345-9f0b-aae3d775d1df</tstamps>
    </comp>
    <comp ref="J2">
      <value>Conn_02x05_Odd_Even</value>
      <footprint>Connector_IDC:IDC-Header_2x05_P2.54mm_Vertical</footprint>
      <libsource lib="Connector_Generic" part="Conn_02x05_Odd_Even" description="Generic connector, double row, 02x05, odd/even pin numbering scheme (row 1 odd numbers, row 2 even numbers), script generated (kicad-library-utils/schlib/autogen/connector/)"/>
      <property name="Sheetname" value=""/>
      <property name="Sheetfile" value="368project.kicad_sch"/>
      <sheetpath names="/" tstamps="/"/>
      <tstamps>c9777153-efc9-4ce6-84cc-f54b659f5218</tstamps>
    </comp>
    <comp ref="JP1">
      <value>PINHD-1X5</value>
      <footprint>joystick:1X05</footprint>
      <libsource lib="joystick-eagle-import" part="PINHD-1X5" description=""/>
      <property name="Sheetname" value=""/>
      <property name="Sheetfile" value="368project.kicad_sch"/>
      <sheetpath names="/" tstamps="/"/>
      <tstamps>72c8a2b8-6e7a-4148-b7ee-72c1e3d77a7e</tstamps>
    </comp>
    <comp ref="JP2">
      <value>PINHD-1X5</value>
      <footprint>joystick:1X05</footprint>
      <libsource lib="joystick-eagle-import" part="PINHD-1X5" description=""/>
      <property name="Sheetname" value=""/>
      <property name="Sheetfile" value="368project.kicad_sch"/>
      <sheetpath names="/" tstamps="/"/>
      <tstamps>9e64d69f-5fed-43cb-8f2e-4d7efd3dc2d3</tstamps>
    </comp>
    <comp ref="LD1">
      <value>LED_Red</value>
      <footprint>LED_SMD:LED_0805_2012Metric</footprint>
      <libsource lib="stm32f091-rescue" part="LED_Small_ALT-Device" description=""/>
      <property name="Sheetname" value=""/>
      <property name="Sheetfile" value="368project.kicad_sch"/>
      <sheetpath names="/" tstamps="/"/>
      <tstamps>f7d7ee4a-a8cd-426b-85d2-03446e2ca2ae</tstamps>
    </comp>
    <comp ref="LD2">
      <value>LED_Green</value>
      <footprint>LED_SMD:LED_0805_2012Metric</footprint>
      <libsource lib="Device" part="LED_Filled" description="Light emitting diode, filled shape"/>
      <property name="Sheetname" value=""/>
      <property name="Sheetfile" value="368project.kicad_sch"/>
      <sheetpath names="/" tstamps="/"/>
      <tstamps>19cbaa68-ce01-4ea5-ad6e-daec7b4779fa</tstamps>
    </comp>
    <comp ref="R1">
      <value>5.1k</value>
      <footprint>Resistor_SMD:R_0805_2012Metric</footprint>
      <libsource lib="Device" part="R_US" description="Resistor, US symbol"/>
      <property name="Sheetname" value=""/>
      <property name="Sheetfile" value="368project.kicad_sch"/>
      <sheetpath names="/" tstamps="/"/>
      <tstamps>a870796e-9ffe-446b-bd6d-63a5b836f9df</tstamps>
    </comp>
    <comp ref="R2">
      <value>100K</value>
      <footprint>Resistor_SMD:R_0805_2012Metric</footprint>
      <libsource lib="Device" part="R_US" description="Resistor, US symbol"/>
      <property name="Sheetname" value=""/>
      <property name="Sheetfile" value="368project.kicad_sch"/>
      <sheetpath names="/" tstamps="/"/>
      <tstamps>2b3b7292-307a-4433-84cc-eb7277b66e1d</tstamps>
    </comp>
    <comp ref="R3">
      <value>100K</value>
      <footprint>Resistor_SMD:R_0805_2012Metric</footprint>
      <libsource lib="Device" part="R_US" description="Resistor, US symbol"/>
      <property name="Sheetname" value=""/>
      <property name="Sheetfile" value="368project.kicad_sch"/>
      <sheetpath names="/" tstamps="/"/>
      <tstamps>7f8048d6-deb2-461c-9ecc-c3f1107558a7</tstamps>
    </comp>
    <comp ref="R4">
      <value>1k</value>
      <footprint>Resistor_SMD:R_0805_2012Metric</footprint>
      <libsource lib="Device" part="R_US" description="Resistor, US symbol"/>
      <property name="Sheetname" value=""/>
      <property name="Sheetfile" value="368project.kicad_sch"/>
      <sheetpath names="/" tstamps="/"/>
      <tstamps>fdb07261-d4fd-48c7-86f0-6495350cdc80</tstamps>
    </comp>
    <comp ref="SW1">
      <value>SW_Push</value>
      <footprint>Button_Switch_SMD:SW_SPST_PTS645</footprint>
      <libsource lib="Switch" part="SW_Push" description="Push button switch, generic, two pins"/>
      <property name="Sheetname" value=""/>
      <property name="Sheetfile" value="368project.kicad_sch"/>
      <sheetpath names="/" tstamps="/"/>
      <tstamps>df4ba2a0-c106-4e3e-949c-ceeb8886199f</tstamps>
    </comp>
    <comp ref="U1">
      <value>TFT LCD MSP2022</value>
      <footprint>Display:CR2013-MI2120</footprint>
      <datasheet>http://pan.baidu.com/s/11Y990</datasheet>
      <libsource lib="Driver_Display" part="CR2013-MI2120" description="ILI9341 controller, SPI TFT LCD Display, 9-pin breakout PCB, 4-pin SD card interface, 5V/3.3V"/>
      <property name="Sheetname" value=""/>
      <property name="Sheetfile" value="368project.kicad_sch"/>
      <sheetpath names="/" tstamps="/"/>
      <tstamps>099fb75a-01e4-4949-8972-dbccc4e491a3</tstamps>
    </comp>
    <comp ref="U2">
      <value>STM32F091RCTx</value>
      <footprint>Package_QFP:LQFP-64_10x10mm_P0.5mm</footprint>
      <datasheet>http://www.st.com/st-web-ui/static/active/en/resource/technical/document/datasheet/DM00115237.pdf</datasheet>
      <libsource lib="MCU_ST_STM32F0" part="STM32F091RCTx" description="ARM Cortex-M0 MCU, 256KB flash, 32KB RAM, 48MHz, 2-3.6V, 52 GPIO, LQFP-64"/>
      <property name="Sheetname" value=""/>
      <property name="Sheetfile" value="368project.kicad_sch"/>
      <sheetpath names="/" tstamps="/"/>
      <tstamps>dc71d7a5-00f4-4d73-b086-583a06bb70a0</tstamps>
    </comp>
    <comp ref="U3">
      <value>JOYSTICKPTH</value>
      <libsource lib="joystick-eagle-import" part="JOYSTICKPTH" description=""/>
      <property name="Sheetname" value=""/>
      <property name="Sheetfile" value="368project.kicad_sch"/>
      <sheetpath names="/" tstamps="/"/>
      <tstamps>37e69e8f-9246-4f49-99e8-a316fad6e725</tstamps>
    </comp>
    <comp ref="U4">
      <value>JOYSTICKPTH</value>
      <libsource lib="joystick-eagle-import" part="JOYSTICKPTH" description=""/>
      <property name="Sheetname" value=""/>
      <property name="Sheetfile" value="368project.kicad_sch"/>
      <sheetpath names="/" tstamps="/"/>
      <tstamps>d451c053-2dba-4242-b31b-cbcc26668493</tstamps>
    </comp>
    <comp ref="U5">
      <value>LD1117S33TR_SOT223</value>
      <footprint>Package_TO_SOT_SMD:SOT-223-3_TabPin2</footprint>
      <datasheet>http://www.st.com/st-web-ui/static/active/en/resource/technical/document/datasheet/CD00000544.pdf</datasheet>
      <libsource lib="Regulator_Linear" part="LD1117S33TR_SOT223" description="800mA Fixed Low Drop Positive Voltage Regulator, Fixed Output 3.3V, SOT-223"/>
      <property name="Sheetname" value=""/>
      <property name="Sheetfile" value="368project.kicad_sch"/>
      <sheetpath names="/" tstamps="/"/>
      <tstamps>fb7bf480-6c9b-4bfb-b3a0-f924ff0e3f16</tstamps>
    </comp>
  </components>
  <libparts>
    <libpart lib="Connector" part="AudioJack4">
      <description>Audio Jack, 4 Poles (TRRS)</description>
      <docs>~</docs>
      <footprints>
        <fp>Jack*</fp>
      </footprints>
      <fields>
        <field name="Reference">J</field>
        <field name="Value">AudioJack4</field>
        <field name="Datasheet">~</field>
      </fields>
      <pins>
        <pin num="R1" name="" type="passive"/>
        <pin num="R2" name="" type="passive"/>
        <pin num="S" name="" type="passive"/>
        <pin num="T" name="" type="passive"/>
      </pins>
    </libpart>
    <libpart lib="Connector_Generic" part="Conn_02x05_Odd_Even">
      <description>Generic connector, double row, 02x05, odd/even pin numbering scheme (row 1 odd numbers, row 2 even numbers), script generated (kicad-library-utils/schlib/autogen/connector/)</description>
      <docs>~</docs>
      <footprints>
        <fp>Connector*:*_2x??_*</fp>
      </footprints>
      <fields>
        <field name="Reference">J</field>
        <field name="Value">Conn_02x05_Odd_Even</field>
        <field name="Datasheet">~</field>
      </fields>
      <pins>
        <pin num="1" name="Pin_1" type="passive"/>
        <pin num="2" name="Pin_2" type="passive"/>
        <pin num="3" name="Pin_3" type="passive"/>
        <pin num="4" name="Pin_4" type="passive"/>
        <pin num="5" name="Pin_5" type="passive"/>
        <pin num="6" name="Pin_6" type="passive"/>
        <pin num="7" name="Pin_7" type="passive"/>
        <pin num="8" name="Pin_8" type="passive"/>
        <pin num="9" name="Pin_9" type="passive"/>
        <pin num="10" name="Pin_10" type="passive"/>
      </pins>
    </libpart>
    <libpart lib="Device" part="C">
      <description>Unpolarized capacitor</description>
      <docs>~</docs>
      <footprints>
        <fp>C_*</fp>
      </footprints>
      <fields>
        <field name="Reference">C</field>
        <field name="Value">C</field>
        <field name="Datasheet">~</field>
      </fields>
      <pins>
        <pin num="1" name="" type="passive"/>
        <pin num="2" name="" type="passive"/>
      </pins>
    </libpart>
    <libpart lib="Device" part="C_Polarized_US">
      <description>Polarized capacitor, US symbol</description>
      <docs>~</docs>
      <footprints>
        <fp>CP_*</fp>
      </footprints>
      <fields>
        <field name="Reference">C</field>
        <field name="Value">C_Polarized_US</field>
        <field name="Datasheet">~</field>
      </fields>
      <pins>
        <pin num="1" name="" type="passive"/>
        <pin num="2" name="" type="passive"/>
      </pins>
    </libpart>
    <libpart lib="Device" part="FerriteBead">
      <description>Ferrite bead</description>
      <docs>~</docs>
      <footprints>
        <fp>Inductor_*</fp>
        <fp>L_*</fp>
        <fp>*Ferrite*</fp>
      </footprints>
      <fields>
        <field name="Reference">FB</field>
        <field name="Value">FerriteBead</field>
        <field name="Datasheet">~</field>
      </fields>
      <pins>
        <pin num="1" name="" type="passive"/>
        <pin num="2" name="" type="passive"/>
      </pins>
    </libpart>
    <libpart lib="Device" part="LED_Filled">
      <description>Light emitting diode, filled shape</description>
      <docs>~</docs>
      <footprints>
        <fp>LED*</fp>
        <fp>LED_SMD:*</fp>
        <fp>LED_THT:*</fp>
      </footprints>
      <fields>
        <field name="Reference">D</field>
        <field name="Value">LED_Filled</field>
        <field name="Datasheet">~</field>
      </fields>
      <pins>
        <pin num="1" name="K" type="passive"/>
        <pin num="2" name="A" type="passive"/>
      </pins>
    </libpart>
    <libpart lib="Device" part="R_Potentiometer_US">
      <description>Potentiometer, US symbol</description>
      <docs>~</docs>
      <footprints>
        <fp>Potentiometer*</fp>
      </footprints>
      <fields>
        <field name="Reference">RV</field>
        <field name="Value">R_Potentiometer_US</field>
        <field name="Datasheet">~</field>
      </fields>
      <pins>
        <pin num="1" name="1" type="passive"/>
        <pin num="2" name="2" type="passive"/>
        <pin num="3" name="3" type="passive"/>
      </pins>
    </libpart>
    <libpart lib="Device" part="R_US">
      <description>Resistor, US symbol</description>
      <docs>~</docs>
      <footprints>
        <fp>R_*</fp>
      </footprints>
      <fields>
        <field name="Reference">R</field>
        <field name="Value">R_US</field>
        <field name="Datasheet">~</field>
      </fields>
      <pins>
        <pin num="1" name="" type="passive"/>
        <pin num="2" name="" type="passive"/>
      </pins>
    </libpart>
    <libpart lib="Diode" part="BAT60A">
      <description>10V 3A High Current Recitifier Schottky Diode, SOD-323</description>
      <docs>https://www.infineon.com/dgdl/Infineon-BAT60ASERIES-DS-v01_01-en.pdf?fileId=db3a304313d846880113def70c9304a9</docs>
      <footprints>
        <fp>D*SOD?323*</fp>
      </footprints>
      <fields>
        <field name="Reference">D</field>
        <field name="Value">BAT60A</field>
        <field name="Footprint">Diode_SMD:D_SOD-323</field>
        <field name="Datasheet">https://www.infineon.com/dgdl/Infineon-BAT60ASERIES-DS-v01_01-en.pdf?fileId=db3a304313d846880113def70c9304a9</field>
      </fields>
      <pins>
        <pin num="1" name="K" type="passive"/>
        <pin num="2" name="A" type="passive"/>
      </pins>
    </libpart>
    <libpart lib="Driver_Display" part="CR2013-MI2120">
      <description>ILI9341 controller, SPI TFT LCD Display, 9-pin breakout PCB, 4-pin SD card interface, 5V/3.3V</description>
      <docs>http://pan.baidu.com/s/11Y990</docs>
      <footprints>
        <fp>*CR2013*MI2120*</fp>
      </footprints>
      <fields>
        <field name="Reference">U</field>
        <field name="Value">CR2013-MI2120</field>
        <field name="Footprint">Display:CR2013-MI2120</field>
        <field name="Datasheet">http://pan.baidu.com/s/11Y990</field>
      </fields>
      <pins>
        <pin num="1" name="VCC" type="power_in"/>
        <pin num="2" name="GND" type="power_in"/>
        <pin num="3" name="~{CS}" type="input"/>
        <pin num="4" name="RESET" type="input"/>
        <pin num="5" name="D/~{C}" type="input"/>
        <pin num="6" name="MOSI" type="input"/>
        <pin num="7" name="SCK" type="input"/>
        <pin num="8" name="LED" type="input"/>
        <pin num="9" name="MISO" type="output"/>
        <pin num="10" name="SD_CS" type="input"/>
        <pin num="11" name="SD_MOSI" type="input"/>
        <pin num="12" name="SD_MISO" type="output"/>
        <pin num="13" name="SD_SCK" type="input"/>
        <pin num="14" name="FLASH_CD" type="input"/>
      </pins>
    </libpart>
    <libpart lib="MCU_ST_STM32F0" part="STM32F091RCTx">
      <description>ARM Cortex-M0 MCU, 256KB flash, 32KB RAM, 48MHz, 2-3.6V, 52 GPIO, LQFP-64</description>
      <docs>http://www.st.com/st-web-ui/static/active/en/resource/technical/document/datasheet/DM00115237.pdf</docs>
      <footprints>
        <fp>LQFP*10x10mm*P0.5mm*</fp>
      </footprints>
      <fields>
        <field name="Reference">U</field>
        <field name="Value">STM32F091RCTx</field>
        <field name="Footprint">Package_QFP:LQFP-64_10x10mm_P0.5mm</field>
        <field name="Datasheet">http://www.st.com/st-web-ui/static/active/en/resource/technical/document/datasheet/DM00115237.pdf</field>
      </fields>
      <pins>
        <pin num="1" name="VBAT" type="power_in"/>
        <pin num="2" name="PC13" type="bidirectional"/>
        <pin num="3" name="PC14" type="bidirectional"/>
        <pin num="4" name="PC15" type="bidirectional"/>
        <pin num="5" name="PF0" type="input"/>
        <pin num="6" name="PF1" type="input"/>
        <pin num="7" name="NRST" type="input"/>
        <pin num="8" name="PC0" type="bidirectional"/>
        <pin num="9" name="PC1" type="bidirectional"/>
        <pin num="10" name="PC2" type="bidirectional"/>
        <pin num="11" name="PC3" type="bidirectional"/>
        <pin num="12" name="VSSA" type="power_in"/>
        <pin num="13" name="VDDA" type="power_in"/>
        <pin num="14" name="PA0" type="bidirectional"/>
        <pin num="15" name="PA1" type="bidirectional"/>
        <pin num="16" name="PA2" type="bidirectional"/>
        <pin num="17" name="PA3" type="bidirectional"/>
        <pin num="18" name="VSS" type="power_in"/>
        <pin num="19" name="VDD" type="power_in"/>
        <pin num="20" name="PA4" type="bidirectional"/>
        <pin num="21" name="PA5" type="bidirectional"/>
        <pin num="22" name="PA6" type="bidirectional"/>
        <pin num="23" name="PA7" type="bidirectional"/>
        <pin num="24" name="PC4" type="bidirectional"/>
        <pin num="25" name="PC5" type="bidirectional"/>
        <pin num="26" name="PB0" type="bidirectional"/>
        <pin num="27" name="PB1" type="bidirectional"/>
        <pin num="28" name="PB2" type="bidirectional"/>
        <pin num="29" name="PB10" type="bidirectional"/>
        <pin num="30" name="PB11" type="bidirectional"/>
        <pin num="31" name="VSS" type="power_in"/>
        <pin num="32" name="VDD" type="power_in"/>
        <pin num="33" name="PB12" type="bidirectional"/>
        <pin num="34" name="PB13" type="bidirectional"/>
        <pin num="35" name="PB14" type="bidirectional"/>
        <pin num="36" name="PB15" type="bidirectional"/>
        <pin num="37" name="PC6" type="bidirectional"/>
        <pin num="38" name="PC7" type="bidirectional"/>
        <pin num="39" name="PC8" type="bidirectional"/>
        <pin num="40" name="PC9" type="bidirectional"/>
        <pin num="41" name="PA8" type="bidirectional"/>
        <pin num="42" name="PA9" type="bidirectional"/>
        <pin num="43" name="PA10" type="bidirectional"/>
        <pin num="44" name="PA11" type="bidirectional"/>
        <pin num="45" name="PA12" type="bidirectional"/>
        <pin num="46" name="PA13" type="bidirectional"/>
        <pin num="47" name="VSS" type="power_in"/>
        <pin num="48" name="VDDIO2" type="power_in"/>
        <pin num="49" name="PA14" type="bidirectional"/>
        <pin num="50" name="PA15" type="bidirectional"/>
        <pin num="51" name="PC10" type="bidirectional"/>
        <pin num="52" name="PC11" type="bidirectional"/>
        <pin num="53" name="PC12" type="bidirectional"/>
        <pin num="54" name="PD2" type="bidirectional"/>
        <pin num="55" name="PB3" type="bidirectional"/>
        <pin num="56" name="PB4" type="bidirectional"/>
        <pin num="57" name="PB5" type="bidirectional"/>
        <pin num="58" name="PB6" type="bidirectional"/>
        <pin num="59" name="PB7" type="bidirectional"/>
        <pin num="60" name="PF11" type="bidirectional"/>
        <pin num="61" name="PB8" type="bidirectional"/>
        <pin num="62" name="PB9" type="bidirectional"/>
        <pin num="63" name="VSS" type="power_in"/>
        <pin num="64" name="VDD" type="power_in"/>
      </pins>
    </libpart>
    <libpart lib="Regulator_Linear" part="LD1117S33TR_SOT223">
      <description>800mA Fixed Low Drop Positive Voltage Regulator, Fixed Output 3.3V, SOT-223</description>
      <docs>http://www.st.com/st-web-ui/static/active/en/resource/technical/document/datasheet/CD00000544.pdf</docs>
      <footprints>
        <fp>SOT?223*TabPin2*</fp>
      </footprints>
      <fields>
        <field name="Reference">U</field>
        <field name="Value">LD1117S33TR_SOT223</field>
        <field name="Footprint">Package_TO_SOT_SMD:SOT-223-3_TabPin2</field>
        <field name="Datasheet">http://www.st.com/st-web-ui/static/active/en/resource/technical/document/datasheet/CD00000544.pdf</field>
      </fields>
      <pins>
        <pin num="1" name="GND" type="power_in"/>
        <pin num="2" name="VO" type="power_out"/>
        <pin num="3" name="VI" type="power_in"/>
      </pins>
    </libpart>
    <libpart lib="Switch" part="SW_Push">
      <description>Push button switch, generic, two pins</description>
      <docs>~</docs>
      <fields>
        <field name="Reference">SW</field>
        <field name="Value">SW_Push</field>
        <field name="Datasheet">~</field>
      </fields>
      <pins>
        <pin num="1" name="1" type="passive"/>
        <pin num="2" name="2" type="passive"/>
      </pins>
    </libpart>
    <libpart lib="joystick-eagle-import" part="JOYSTICKPTH">
      <fields>
        <field name="Reference">U</field>
        <field name="Value">JOYSTICKPTH</field>
        <field name="Footprint">joystick:JOYSTICK</field>
      </fields>
      <pins>
        <pin num="B1A" name="SEL+" type="bidirectional"/>
        <pin num="B2A" name="SEL-" type="bidirectional"/>
        <pin num="H1" name="H+" type="bidirectional"/>
        <pin num="H2" name="H" type="bidirectional"/>
        <pin num="H3" name="H-" type="bidirectional"/>
        <pin num="V1" name="V+" type="bidirectional"/>
        <pin num="V2" name="V" type="bidirectional"/>
        <pin num="V3" name="V-" type="bidirectional"/>
      </pins>
    </libpart>
    <libpart lib="joystick-eagle-import" part="PINHD-1X5">
      <fields>
        <field name="Reference">JP</field>
        <field name="Value">PINHD-1X5</field>
        <field name="Footprint">joystick:1X05</field>
      </fields>
      <pins>
        <pin num="1" name="1" type="passive"/>
        <pin num="2" name="2" type="passive"/>
        <pin num="3" name="3" type="passive"/>
        <pin num="4" name="4" type="passive"/>
        <pin num="5" name="5" type="passive"/>
      </pins>
    </libpart>
    <libpart lib="stm32f091-rescue" part="LED_Small_ALT-Device">
      <footprints>
        <fp>LED*</fp>
        <fp>LED_SMD:*</fp>
        <fp>LED_THT:*</fp>
      </footprints>
      <fields>
        <field name="Reference">D</field>
        <field name="Value">LED_Small_ALT-Device</field>
      </fields>
      <pins>
        <pin num="1" name="K" type="passive"/>
        <pin num="2" name="A" type="passive"/>
      </pins>
    </libpart>
  </libparts>
  <libraries>
    <library logical="Connector">
      <uri>/usr/share/kicad/symbols//Connector.kicad_sym</uri>
    </library>
    <library logical="Connector_Generic">
      <uri>/usr/share/kicad/symbols//Connector_Generic.kicad_sym</uri>
    </library>
    <library logical="Device">
      <uri>/usr/share/kicad/symbols//Device.kicad_sym</uri>
    </library>
    <library logical="Diode">
      <uri>/usr/share/kicad/symbols//Diode.kicad_sym</uri>
    </library>
    <library logical="Driver_Display">
      <uri>/usr/share/kicad/symbols//Driver_Display.kicad_sym</uri>
    </library>
    <library logical="MCU_ST_STM32F0">
      <uri>/usr/share/kicad/symbols//MCU_ST_STM32F0.kicad_sym</uri>
    </library>
    <library logical="Regulator_Linear">
      <uri>/usr/share/kicad/symbols//Regulator_Linear.kicad_sym</uri>
    </library>
    <library logical="Switch">
      <uri>/usr/share/kicad/symbols//Switch.kicad_sym</uri>
    </library>
  </libraries>
  <nets>
    <net code="1" name="+3V0">
      <node ref="C1" pin="1" pintype="passive"/>
      <node ref="C2" pin="1" pintype="passive"/>
      <node ref="C3" pin="1" pintype="passive"/>
      <node ref="C4" pin="1" pintype="passive"/>
      <node ref="C5" pin="1" pintype="passive"/>
      <node ref="C6" pin="1" pintype="passive"/>
      <node ref="D2" pin="1" pinfunction="K" pintype="passive"/>
      <node ref="FB1" pin="1" pintype="passive"/>
      <node ref="R3" pin="1" pintype="passive"/>
      <node ref="R4" pin="1" pintype="passive"/>
      <node ref="U1" pin="1" pinfunction="VCC" pintype="power_in"/>
      <node ref="U1" pin="8" pinfunction="LED" pintype="input"/>
      <node ref="U2" pin="1" pinfunction="VBAT" pintype="power_in"/>
      <node ref="U2" pin="19" pinfunction="VDD" pintype="power_in"/>
      <node ref="U2" pin="32" pinfunction="VDD" pintype="power_in"/>
      <node ref="U2" pin="48" pinfunction="VDDIO2" pintype="power_in"/>
      <node ref="U2" pin="64" pinfunction="VDD" pintype="power_in"/>
    </net>
    <net code="2" name="+5V">
      <node ref="C10" pin="1" pintype="passive"/>
      <node ref="C11" pin="1" pintype="passive"/>
      <node ref="D1" pin="1" pinfunction="K" pintype="passive"/>
      <node ref="JP1" pin="5" pinfunction="5" pintype="passive"/>
      <node ref="JP2" pin="5" pinfunction="5" pintype="passive"/>
      <node ref="R1" pin="1" pintype="passive"/>
      <node ref="U3" pin="H1" pinfunction="H+" pintype="bidirectional"/>
      <node ref="U3" pin="V1" pinfunction="V+" pintype="bidirectional"/>
      <node ref="U4" pin="H1" pinfunction="H+" pintype="bidirectional"/>
      <node ref="U4" pin="V1" pinfunction="V+" pintype="bidirectional"/>
      <node ref="U5" pin="3" pinfunction="VI" pintype="power_in"/>
    </net>
    <net code="3" name="/3VA">
      <node ref="C7" pin="1" pintype="passive"/>
      <node ref="FB1" pin="2" pintype="passive"/>
      <node ref="U2" pin="13" pinfunction="VDDA" pintype="power_in"/>
    </net>
    <net code="4" name="/NRST">
      <node ref="C9" pin="1" pintype="passive"/>
      <node ref="J2" pin="1" pinfunction="Pin_1" pintype="passive"/>
      <node ref="R3" pin="2" pintype="passive"/>
      <node ref="SW1" pin="2" pinfunction="2" pintype="passive"/>
      <node ref="U2" pin="7" pinfunction="NRST" pintype="input"/>
    </net>
    <net code="5" name="/SWCLK_IN">
      <node ref="J2" pin="6" pinfunction="Pin_6" pintype="passive"/>
      <node ref="U2" pin="49" pinfunction="PA14" pintype="bidirectional"/>
    </net>
    <net code="6" name="/SWDIO_IN">
      <node ref="J2" pin="2" pinfunction="Pin_2" pintype="passive"/>
      <node ref="U2" pin="46" pinfunction="PA13" pintype="bidirectional"/>
    </net>
    <net code="7" name="/U5V">
      <node ref="D1" pin="2" pinfunction="A" pintype="passive"/>
      <node ref="J2" pin="10" pinfunction="Pin_10" pintype="passive"/>
      <node ref="J2" pin="9" pinfunction="Pin_9" pintype="passive"/>
    </net>
    <net code="8" name="/V3.3_IN">
      <node ref="J2" pin="7" pinfunction="Pin_7" pintype="passive"/>
      <node ref="J2" pin="8" pinfunction="Pin_8" pintype="passive"/>
    </net>
    <net code="9" name="GND">
      <node ref="10k1" pin="3" pinfunction="3" pintype="passive"/>
      <node ref="C1" pin="2" pintype="passive"/>
      <node ref="C10" pin="2" pintype="passive"/>
      <node ref="C11" pin="2" pintype="passive"/>
      <node ref="C12" pin="2" pintype="passive"/>
      <node ref="C13" pin="2" pintype="passive"/>
      <node ref="C2" pin="2" pintype="passive"/>
      <node ref="C3" pin="2" pintype="passive"/>
      <node ref="C4" pin="2" pintype="passive"/>
      <node ref="C5" pin="2" pintype="passive"/>
      <node ref="C6" pin="2" pintype="passive"/>
      <node ref="C7" pin="2" pintype="passive"/>
      <node ref="C9" pin="2" pintype="passive"/>
      <node ref="J1" pin="R2" pintype="passive"/>
      <node ref="J2" pin="3" pinfunction="Pin_3" pintype="passive"/>
      <node ref="J2" pin="4" pinfunction="Pin_4" pintype="passive"/>
      <node ref="JP1" pin="1" pinfunction="1" pintype="passive"/>
      <node ref="JP2" pin="1" pinfunction="1" pintype="passive"/>
      <node ref="LD1" pin="1" pinfunction="K" pintype="passive"/>
      <node ref="LD2" pin="1" pinfunction="K" pintype="passive"/>
      <node ref="R2" pin="1" pintype="passive"/>
      <node ref="SW1" pin="1" pinfunction="1" pintype="passive"/>
      <node ref="U1" pin="2" pinfunction="GND" pintype="power_in"/>
      <node ref="U2" pin="12" pinfunction="VSSA" pintype="power_in"/>
      <node ref="U2" pin="18" pinfunction="VSS" pintype="power_in"/>
      <node ref="U2" pin="31" pinfunction="VSS" pintype="power_in"/>
      <node ref="U2" pin="47" pinfunction="VSS" pintype="power_in"/>
      <node ref="U2" pin="63" pinfunction="VSS" pintype="power_in"/>
      <node ref="U3" pin="B2A" pinfunction="SEL-" pintype="bidirectional"/>
      <node ref="U3" pin="H3" pinfunction="H-" pintype="bidirectional"/>
      <node ref="U3" pin="V3" pinfunction="V-" pintype="bidirectional"/>
      <node ref="U4" pin="B2A" pinfunction="SEL-" pintype="bidirectional"/>
      <node ref="U4" pin="H3" pinfunction="H-" pintype="bidirectional"/>
      <node ref="U4" pin="V3" pinfunction="V-" pintype="bidirectional"/>
      <node ref="U5" pin="1" pinfunction="GND" pintype="power_in"/>
    </net>
    <net code="10" name="Net-(10k1-Pad1)">
      <node ref="10k1" pin="1" pinfunction="1" pintype="passive"/>
      <node ref="C8" pin="2" pintype="passive"/>
    </net>
    <net code="11" name="Net-(10k1-Pad2)">
      <node ref="10k1" pin="2" pinfunction="2" pintype="passive"/>
      <node ref="J1" pin="R1" pintype="passive"/>
      <node ref="J1" pin="T" pintype="passive"/>
    </net>
    <net code="12" name="Net-(C8-Pad1)">
      <node ref="C8" pin="1" pintype="passive"/>
      <node ref="U2" pin="20" pinfunction="PA4" pintype="bidirectional"/>
    </net>
    <net code="13" name="Net-(C12-Pad1)">
      <node ref="C12" pin="1" pintype="passive"/>
      <node ref="C13" pin="1" pintype="passive"/>
      <node ref="D2" pin="2" pinfunction="A" pintype="passive"/>
      <node ref="U5" pin="2" pinfunction="VO" pintype="power_out"/>
    </net>
    <net code="14" name="Net-(JP1-Pad2)">
      <node ref="JP1" pin="2" pinfunction="2" pintype="passive"/>
      <node ref="U2" pin="22" pinfunction="PA6" pintype="bidirectional"/>
      <node ref="U3" pin="B1A" pinfunction="SEL+" pintype="bidirectional"/>
    </net>
    <net code="15" name="Net-(JP1-Pad3)">
      <node ref="JP1" pin="3" pinfunction="3" pintype="passive"/>
      <node ref="U2" pin="16" pinfunction="PA2" pintype="bidirectional"/>
      <node ref="U3" pin="H2" pinfunction="H" pintype="bidirectional"/>
    </net>
    <net code="16" name="Net-(JP1-Pad4)">
      <node ref="JP1" pin="4" pinfunction="4" pintype="passive"/>
      <node ref="U2" pin="15" pinfunction="PA1" pintype="bidirectional"/>
      <node ref="U3" pin="V2" pinfunction="V" pintype="bidirectional"/>
    </net>
    <net code="17" name="Net-(JP2-Pad2)">
      <node ref="JP2" pin="2" pinfunction="2" pintype="passive"/>
      <node ref="U2" pin="10" pinfunction="PC2" pintype="bidirectional"/>
      <node ref="U4" pin="B1A" pinfunction="SEL+" pintype="bidirectional"/>
    </net>
    <net code="18" name="Net-(JP2-Pad3)">
      <node ref="JP2" pin="3" pinfunction="3" pintype="passive"/>
      <node ref="U2" pin="8" pinfunction="PC0" pintype="bidirectional"/>
      <node ref="U4" pin="H2" pinfunction="H" pintype="bidirectional"/>
    </net>
    <net code="19" name="Net-(JP2-Pad4)">
      <node ref="JP2" pin="4" pinfunction="4" pintype="passive"/>
      <node ref="U2" pin="9" pinfunction="PC1" pintype="bidirectional"/>
      <node ref="U4" pin="V2" pinfunction="V" pintype="bidirectional"/>
    </net>
    <net code="20" name="Net-(LD1-Pad2)">
      <node ref="LD1" pin="2" pinfunction="A" pintype="passive"/>
      <node ref="R1" pin="2" pintype="passive"/>
    </net>
    <net code="21" name="Net-(LD2-Pad2)">
      <node ref="LD2" pin="2" pinfunction="A" pintype="passive"/>
      <node ref="R4" pin="2" pintype="passive"/>
    </net>
    <net code="22" name="Net-(R2-Pad2)">
      <node ref="R2" pin="2" pintype="passive"/>
      <node ref="U2" pin="60" pinfunction="PF11" pintype="bidirectional"/>
    </net>
    <net code="23" name="Net-(U1-Pad3)">
      <node ref="U1" pin="3" pinfunction="~{CS}" pintype="input"/>
      <node ref="U2" pin="61" pinfunction="PB8" pintype="bidirectional"/>
    </net>
    <net code="24" name="Net-(U1-Pad4)">
      <node ref="U1" pin="4" pinfunction="RESET" pintype="input"/>
      <node ref="U2" pin="30" pinfunction="PB11" pintype="bidirectional"/>
    </net>
    <net code="25" name="Net-(U1-Pad5)">
      <node ref="U1" pin="5" pinfunction="D/~{C}" pintype="input"/>
      <node ref="U2" pin="35" pinfunction="PB14" pintype="bidirectional"/>
    </net>
    <net code="26" name="Net-(U1-Pad6)">
      <node ref="U1" pin="6" pinfunction="MOSI" pintype="input"/>
      <node ref="U2" pin="57" pinfunction="PB5" pintype="bidirectional"/>
    </net>
    <net code="27" name="Net-(U1-Pad7)">
      <node ref="U1" pin="7" pinfunction="SCK" pintype="input"/>
      <node ref="U2" pin="55" pinfunction="PB3" pintype="bidirectional"/>
    </net>
    <net code="28" name="unconnected-(J1-PadS)">
      <node ref="J1" pin="S" pintype="passive+no_connect"/>
    </net>
    <net code="29" name="unconnected-(J2-Pad5)">
      <node ref="J2" pin="5" pinfunction="Pin_5" pintype="passive+no_connect"/>
    </net>
    <net code="30" name="unconnected-(U1-Pad9)">
      <node ref="U1" pin="9" pinfunction="MISO" pintype="output+no_connect"/>
    </net>
    <net code="31" name="unconnected-(U1-Pad10)">
      <node ref="U1" pin="10" pinfunction="SD_CS" pintype="input+no_connect"/>
    </net>
    <net code="32" name="unconnected-(U1-Pad11)">
      <node ref="U1" pin="11" pinfunction="SD_MOSI" pintype="input+no_connect"/>
    </net>
    <net code="33" name="unconnected-(U1-Pad12)">
      <node ref="U1" pin="12" pinfunction="SD_MISO" pintype="output+no_connect"/>
    </net>
    <net code="34" name="unconnected-(U1-Pad13)">
      <node ref="U1" pin="13" pinfunction="SD_SCK" pintype="input+no_connect"/>
    </net>
    <net code="35" name="unconnected-(U1-Pad14)">
      <node ref="U1" pin="14" pinfunction="FLASH_CD" pintype="input+no_connect"/>
    </net>
    <net code="36" name="unconnected-(U2-Pad2)">
      <node ref="U2" pin="2" pinfunction="PC13" pintype="bidirectional+no_connect"/>
    </net>
    <net code="37" name="unconnected-(U2-Pad3)">
      <node ref="U2" pin="3" pinfunction="PC14" pintype="bidirectional+no_connect"/>
    </net>
    <net code="38" name="unconnected-(U2-Pad4)">
      <node ref="U2" pin="4" pinfunction="PC15" pintype="bidirectional+no_connect"/>
    </net>
    <net code="39" name="unconnected-(U2-Pad5)">
      <node ref="U2" pin="5" pinfunction="PF0" pintype="input+no_connect"/>
    </net>
    <net code="40" name="unconnected-(U2-Pad6)">
      <node ref="U2" pin="6" pinfunction="PF1" pintype="input+no_connect"/>
    </net>
    <net code="41" name="unconnected-(U2-Pad11)">
      <node ref="U2" pin="11" pinfunction="PC3" pintype="bidirectional+no_connect"/>
    </net>
    <net code="42" name="unconnected-(U2-Pad14)">
      <node ref="U2" pin="14" pinfunction="PA0" pintype="bidirectional+no_connect"/>
    </net>
    <net code="43" name="unconnected-(U2-Pad17)">
      <node ref="U2" pin="17" pinfunction="PA3" pintype="bidirectional+no_connect"/>
    </net>
    <net code="44" name="unconnected-(U2-Pad21)">
      <node ref="U2" pin="21" pinfunction="PA5" pintype="bidirectional+no_connect"/>
    </net>
    <net code="45" name="unconnected-(U2-Pad23)">
      <node ref="U2" pin="23" pinfunction="PA7" pintype="bidirectional+no_connect"/>
    </net>
    <net code="46" name="unconnected-(U2-Pad24)">
      <node ref="U2" pin="24" pinfunction="PC4" pintype="bidirectional+no_connect"/>
    </net>
    <net code="47" name="unconnected-(U2-Pad25)">
      <node ref="U2" pin="25" pinfunction="PC5" pintype="bidirectional+no_connect"/>
    </net>
    <net code="48" name="unconnected-(U2-Pad26)">
      <node ref="U2" pin="26" pinfunction="PB0" pintype="bidirectional+no_connect"/>
    </net>
    <net code="49" name="unconnected-(U2-Pad27)">
      <node ref="U2" pin="27" pinfunction="PB1" pintype="bidirectional+no_connect"/>
    </net>
    <net code="50" name="unconnected-(U2-Pad28)">
      <node ref="U2" pin="28" pinfunction="PB2" pintype="bidirectional+no_connect"/>
    </net>
    <net code="51" name="unconnected-(U2-Pad29)">
      <node ref="U2" pin="29" pinfunction="PB10" pintype="bidirectional+no_connect"/>
    </net>
    <net code="52" name="unconnected-(U2-Pad33)">
      <node ref="U2" pin="33" pinfunction="PB12" pintype="bidirectional+no_connect"/>
    </net>
    <net code="53" name="unconnected-(U2-Pad34)">
      <node ref="U2" pin="34" pinfunction="PB13" pintype="bidirectional+no_connect"/>
    </net>
    <net code="54" name="unconnected-(U2-Pad36)">
      <node ref="U2" pin="36" pinfunction="PB15" pintype="bidirectional+no_connect"/>
    </net>
    <net code="55" name="unconnected-(U2-Pad37)">
      <node ref="U2" pin="37" pinfunction="PC6" pintype="bidirectional+no_connect"/>
    </net>
    <net code="56" name="unconnected-(U2-Pad38)">
      <node ref="U2" pin="38" pinfunction="PC7" pintype="bidirectional+no_connect"/>
    </net>
    <net code="57" name="unconnected-(U2-Pad39)">
      <node ref="U2" pin="39" pinfunction="PC8" pintype="bidirectional+no_connect"/>
    </net>
    <net code="58" name="unconnected-(U2-Pad40)">
      <node ref="U2" pin="40" pinfunction="PC9" pintype="bidirectional+no_connect"/>
    </net>
    <net code="59" name="unconnected-(U2-Pad41)">
      <node ref="U2" pin="41" pinfunction="PA8" pintype="bidirectional+no_connect"/>
    </net>
    <net code="60" name="unconnected-(U2-Pad42)">
      <node ref="U2" pin="42" pinfunction="PA9" pintype="bidirectional+no_connect"/>
    </net>
    <net code="61" name="unconnected-(U2-Pad43)">
      <node ref="U2" pin="43" pinfunction="PA10" pintype="bidirectional+no_connect"/>
    </net>
    <net code="62" name="unconnected-(U2-Pad44)">
      <node ref="U2" pin="44" pinfunction="PA11" pintype="bidirectional+no_connect"/>
    </net>
    <net code="63" name="unconnected-(U2-Pad45)">
      <node ref="U2" pin="45" pinfunction="PA12" pintype="bidirectional+no_connect"/>
    </net>
    <net code="64" name="unconnected-(U2-Pad50)">
      <node ref="U2" pin="50" pinfunction="PA15" pintype="bidirectional+no_connect"/>
    </net>
    <net code="65" name="unconnected-(U2-Pad51)">
      <node ref="U2" pin="51" pinfunction="PC10" pintype="bidirectional+no_connect"/>
    </net>
    <net code="66" name="unconnected-(U2-Pad52)">
      <node ref="U2" pin="52" pinfunction="PC11" pintype="bidirectional+no_connect"/>
    </net>
    <net code="67" name="unconnected-(U2-Pad53)">
      <node ref="U2" pin="53" pinfunction="PC12" pintype="bidirectional+no_connect"/>
    </net>
    <net code="68" name="unconnected-(U2-Pad54)">
      <node ref="U2" pin="54" pinfunction="PD2" pintype="bidirectional+no_connect"/>
    </net>
    <net code="69" name="unconnected-(U2-Pad56)">
      <node ref="U2" pin="56" pinfunction="PB4" pintype="bidirectional+no_connect"/>
    </net>
    <net code="70" name="unconnected-(U2-Pad58)">
      <node ref="U2" pin="58" pinfunction="PB6" pintype="bidirectional+no_connect"/>
    </net>
    <net code="71" name="unconnected-(U2-Pad59)">
      <node ref="U2" pin="59" pinfunction="PB7" pintype="bidirectional+no_connect"/>
    </net>
    <net code="72" name="unconnected-(U2-Pad62)">
      <node ref="U2" pin="62" pinfunction="PB9" pintype="bidirectional+no_connect"/>
    </net>
  </nets>
</export>
